{"data":[{"num":23327,"time":"00"},{"num":13107,"time":"01"},{"num":8110,"time":"02"},{"num":4965,"time":"03"},{"num":4843,"time":"04"},{"num":13135,"time":"05"},{"num":40021,"time":"06"},{"num":81989,"time":"07"},{"num":139140,"time":"08"},{"num":121502,"time":"09"},{"num":95057,"time":"10"},{"num":102544,"time":"11"},{"num":116371,"time":"12"},{"num":122442,"time":"13"},{"num":126711,"time":"14"},{"num":131016,"time":"15"},{"num":151135,"time":"16"},{"num":203443,"time":"17"},{"num":198398,"time":"18"},{"num":149940,"time":"19"},{"num":110552,"time":"20"},{"num":74760,"time":"21"},{"num":55416,"time":"22"},{"num":37446,"time":"23"}]}